"","Model","ME","RSME","MAE","MPE","MAPE"
"1","sarimax",0.0978694566612925,0.203285568688096,0.172158374097666,5.93294968982828,14.7113892951569
"2","rfExo_sarimax",0.135400823568742,0.23518806730665,0.193862866903938,9.14181276860882,16.1148132470715
"3","arimaFourier_sarimax",0.137523689971517,0.241171016799302,0.1956617264681,9.29825990203042,16.1461726229242
"4","arimaxFourier_sarimax",0.137523689971517,0.241171016799302,0.1956617264681,9.29825990203042,16.1461726229242
"5","sarima_sarimax",0.151065839490857,0.243715549767644,0.197948445770501,10.6077082913866,16.2789024530443
