"year","year_anomaly"
2022,0.8975
2023,1.18833333333333
2024,1.28666666666667
